scenario,algorithm,runs,fitness_mean,fitness_std,improvement_vs_baseline_pct,completed,total_patients,conflicts,messages,mean_tick_latency_ms,max_tick_latency_ms,treatment_rate,critical_coverage,average_waiting_time,conflict_rate,resource_utilization,resource_wastage,throughput,icu_saturation,icu_peak_utilization,mean_recovery_ticks,bottleneck,latency_within_budget,critical_mean_wait
S1_normal,baseline,1,0.6207,0.0,0.0,30,30,98,0,0.009164374995407343,0.06436799992570741,1.0,1.0,3.2666666666666666,0.765625,0.423728813559322,0.576271186440678,1.0,0.0,0.5,,doctors,1.0,0.0
S1_normal,fuzzy,1,0.6214,0.0,0.11277589817946236,30,30,96,0,0.013176837497042015,0.17240399995444022,1.0,1.0,3.2,0.7619047619047619,0.423728813559322,0.576271186440678,1.0,0.0,0.5,,doctors,1.0,0.0
S1_normal,pso,5,0.6241599999999999,0.0011164228589562453,0.5574351538585318,30,30,88,0,0.4538124374960262,7.484465000061391,1.0,1.0,2.933333333333333,0.7457627118644068,0.423728813559322,0.576271186440678,1.0,0.0,0.5,,doctors,1.0,0.0
S1_normal,decentralized,1,0.6214,0.0,0.11277589817946236,30,30,96,822,0.01689313750432575,0.31891200001155084,1.0,1.0,3.2,0.7619047619047619,0.423728813559322,0.576271186440678,1.0,0.0,0.5,,doctors,1.0,0.0
S2_patient_surge,baseline,1,0.6826,0.0,0.0,80,80,431,0,0.01549518750181278,0.06759099994724238,1.0,1.0,5.3875,0.8434442270058709,0.958904109589041,0.04109589041095896,1.0,0.0,0.875,15.0,doctors,1.0,0.0
S2_patient_surge,fuzzy,1,0.6826,0.0,0.0,80,80,430,0,0.035136962496551405,0.2571660000967313,1.0,1.0,5.375,0.8431372549019608,0.958904109589041,0.04109589041095896,1.0,0.0,0.875,15.0,doctors,1.0,0.0
S2_patient_surge,pso,5,0.68386,0.0006019966777316737,0.18458833870495736,80,80,418,0,1.7940697375010473,11.395908999929816,1.0,1.0,5.225,0.8393574297188755,0.958904109589041,0.04109589041095896,1.0,0.0,0.875,15.0,doctors,1.0,0.8333333333333334
S2_patient_surge,decentralized,1,0.6826,0.0,0.0,80,80,430,3644,0.05253195000705091,0.3754880000315097,1.0,1.0,5.375,0.8431372549019608,0.958904109589041,0.04109589041095896,1.0,0.0,0.875,15.0,doctors,1.0,0.0
S3_icu_shortage,baseline,1,0.6387,0.0,0.0,60,60,553,0,0.014640875012617016,0.08323600002313469,1.0,1.0,9.216666666666667,0.9021207177814029,0.8333333333333334,0.16666666666666663,1.0,0.0625,1.0,0.0,doctors,1.0,1.0
S3_icu_shortage,fuzzy,1,0.6393,0.0,0.09394081728510004,60,60,547,0,0.0385594624859209,0.2737700000352561,1.0,1.0,9.116666666666667,0.9011532125205931,0.8333333333333334,0.16666666666666663,1.0,0.0625,1.0,0.0,doctors,1.0,1.0
S3_icu_shortage,pso,5,0.64286,0.0007863841300534987,0.6513229998434228,60,60,498,0,1.8401884874933216,12.482725000040773,1.0,1.0,8.3,0.8924731182795699,0.8333333333333334,0.16666666666666663,1.0,0.025,1.0,0.0,doctors,1.0,1.9
S3_icu_shortage,decentralized,1,0.6393,0.0,0.09394081728510004,60,60,547,4319,0.06062334999370478,0.7254899999225017,1.0,1.0,9.116666666666667,0.9011532125205931,0.8333333333333334,0.16666666666666663,1.0,0.0625,1.0,0.0,doctors,1.0,1.0
S4_oxygen_shortage,baseline,1,0.6999,0.0,0.0,70,70,281,0,0.014126200007069656,0.056289999974978855,1.0,1.0,4.014285714285714,0.8005698005698005,1.0,0.0,1.0,0.0,0.75,10.0,doctors,1.0,0.0
S4_oxygen_shortage,fuzzy,1,0.6999,0.0,0.0,70,70,281,0,0.02793366249562723,0.1687660000015967,1.0,1.0,4.014285714285714,0.8005698005698005,1.0,0.0,1.0,0.0,0.75,10.0,doctors,1.0,0.0
S4_oxygen_shortage,pso,5,0.70226,0.000605309838016877,0.3371910272896169,70,70,269,0,1.3072769625026126,8.294716000023072,1.0,1.0,3.842857142857143,0.7935103244837758,1.0,0.0,1.0,0.0,0.75,10.0,doctors,1.0,0.25
S4_oxygen_shortage,decentralized,1,0.6999,0.0,0.0,70,70,281,2291,0.03801884999887761,0.3336690000423914,1.0,1.0,4.014285714285714,0.8005698005698005,1.0,0.0,1.0,0.0,0.75,10.0,doctors,1.0,0.0
S5_pandemic_crisis,baseline,1,0.7307,0.0,0.0,100,100,159,0,0.015401200002429505,0.11625699994510796,1.0,1.0,1.59,0.6138996138996139,1.0,0.0,1.0,0.0125,1.0,1.0,doctors,1.0,0.06666666666666667
S5_pandemic_crisis,fuzzy,1,0.7305,0.0,-0.027371014096069242,100,100,160,0,0.027080187490469143,0.30984299996816844,1.0,1.0,1.6,0.6153846153846154,1.0,0.0,1.0,0.0125,1.0,1.0,doctors,1.0,0.06666666666666667
S5_pandemic_crisis,pso,5,0.7307,0.00012649110640672125,0.0,100,100,159,0,0.842673774997138,15.353699000002052,1.0,1.0,1.59,0.6138996138996139,1.0,0.0,1.0,0.0,0.75,1.0,doctors,1.0,0.3333333333333333
S5_pandemic_crisis,decentralized,1,0.7305,0.0,-0.027371014096069242,100,100,160,2225,0.032327275000909594,0.671963000058895,1.0,1.0,1.6,0.6153846153846154,1.0,0.0,1.0,0.0125,1.0,1.0,doctors,1.0,0.06666666666666667
S6_resource_stress,baseline,1,0.654,0.0,0.0,90,90,979,0,0.024080137501414356,0.07032400003481598,1.0,1.0,10.877777777777778,0.9158091674462114,1.0,0.0,1.0,0.0,0.7,9.0,oxygen,1.0,2.2857142857142856
S6_resource_stress,fuzzy,1,0.6536,0.0,-0.061162079510713604,90,90,986,0,0.06966159999421961,0.23181699998531258,1.0,1.0,10.955555555555556,0.9163568773234201,1.0,0.0,1.0,0.0,0.7,10.0,oxygen,1.0,2.4285714285714284
S6_resource_stress,pso,5,0.65422,0.0002785677655436517,0.03363914373088654,90,90,975,0,4.271751300005633,15.995089999933043,1.0,1.0,10.833333333333334,0.9154929577464789,1.0,0.0,1.0,0.0,0.7,9.0,oxygen,1.0,2.619047619047619
S6_resource_stress,decentralized,1,0.6536,0.0,-0.061162079510713604,90,90,986,12312,0.1330666499995914,0.4894930000318709,1.0,1.0,10.955555555555556,0.9163568773234201,1.0,0.0,1.0,0.0,0.7,10.0,oxygen,1.0,2.4285714285714284
S7_reserve_stress,baseline,1,0.6809,0.0,0.0,35,35,227,0,0.015472671425089044,0.05058800002188946,1.0,1.0,6.485714285714286,0.8664122137404581,1.0,0.0,1.0,0.05714285714285714,1.0,,oxygen,1.0,6.285714285714286
S7_reserve_stress,fuzzy,1,0.6805,0.0,-0.05874577764722514,35,35,229,0,0.03264770000279376,0.14258799990329862,1.0,1.0,6.542857142857143,0.8674242424242424,1.0,0.0,1.0,0.05714285714285714,1.0,,oxygen,1.0,6.285714285714286
S7_reserve_stress,pso,5,0.67938,0.0008818163074019452,-0.2232339550594751,35,35,240,0,1.6861034000076611,5.037474000005204,1.0,1.0,6.857142857142857,0.8727272727272727,1.0,0.0,1.0,0.04285714285714286,1.0,,oxygen,1.0,6.428571428571429
S7_reserve_stress,decentralized,1,0.6805,0.0,-0.05874577764722514,35,35,229,2428,0.04121572856742464,0.17673899992587394,1.0,1.0,6.542857142857143,0.8674242424242424,1.0,0.0,1.0,0.05714285714285714,1.0,,oxygen,1.0,6.285714285714286
S8_clinical_inputs,baseline,1,0.7826,0.0,0.0,40,40,3,0,0.008397328565479256,0.01626699997814285,1.0,1.0,2.075,0.06976744186046512,1.0,0.0,1.0,0.04285714285714286,1.0,0.0,icu,1.0,2.25
S8_clinical_inputs,fuzzy,1,0.7826,0.0,0.0,40,40,3,0,0.012237142865550206,0.038542999959645385,1.0,1.0,2.075,0.06976744186046512,1.0,0.0,1.0,0.04285714285714286,1.0,0.0,icu,1.0,2.25
S8_clinical_inputs,pso,5,0.7826,0.0,0.0,40,40,3,0,0.6512447857159844,2.174636999939139,1.0,1.0,2.075,0.06976744186046512,1.0,0.0,1.0,0.04285714285714286,1.0,0.0,icu,1.0,2.25
S8_clinical_inputs,decentralized,1,0.7826,0.0,0.0,40,40,3,379,0.015208771424113365,0.06436800003939425,1.0,1.0,2.075,0.06976744186046512,1.0,0.0,1.0,0.04285714285714286,1.0,0.0,icu,1.0,2.25
