patients,algorithm,swarm_size,iterations,evals_per_decision,runs,fitness,fitness_std,critical_mean_wait,completed_share,mean_tick_latency_ms,max_tick_latency_ms,runtime_s,messages
25,baseline,,,,1,0.725,0.0,0.0,1.0,0.00719651249596609,0.022092999984124617,0.0019073280000156956,0
25,fuzzy,,,,1,0.725,0.0,0.0,1.0,0.008741712503024246,0.056869000104597944,0.0019263440000258925,0
25,decentralized,,,,1,0.725,0.0,0.0,1.0,0.009444987502149615,0.07509700003538455,0.0020431799999869327,207
25,pso,6,8,48,3,0.725,0.0,0.0,1.0,0.11118772916915987,0.5790369999658651,0.010198202666667081,0
25,pso,12,15,180,3,0.725,0.0,0.0,1.0,0.38107398333314296,1.693133999992824,0.03180828866663887,0
25,pso,24,30,720,3,0.725,0.0,0.0,1.0,1.588893416667266,9.916709999970408,0.12860607566669083,0
50,baseline,,,,1,0.7932,0.0,0.0,1.0,0.008853775004524778,0.024674999963281152,0.0024119980000705254,0
50,fuzzy,,,,1,0.7932,0.0,0.0,1.0,0.011589287504421009,0.03272100002504885,0.0026791039999807253,0
50,decentralized,,,,1,0.7932,0.0,0.0,1.0,0.016671875002316483,0.08073699996202777,0.003378872000098454,402
50,pso,6,8,48,3,0.7932,0.0,0.0,1.0,0.3421110708368739,1.1922730000151205,0.030200353666638573,0
50,pso,12,15,180,3,0.7932,0.0,0.0,1.0,0.874617454165616,4.138619000059407,0.07208557433337622,0
50,pso,24,30,720,3,0.7932,0.0,0.0,1.0,3.1387450416640186,9.625447999951575,0.25323005100002166,0
100,baseline,,,,1,0.8,0.0,0.0,1.0,0.013106849996802339,0.03229399999327143,0.003853910000088945,0
100,fuzzy,,,,1,0.8,0.0,0.0,1.0,0.0189355874979924,0.05929600001763902,0.0043833570000515465,0
100,decentralized,,,,1,0.8,0.0,0.0,1.0,0.026971187497792926,0.07263199995577452,0.005163552000112759,813
100,pso,6,8,48,3,0.8,0.0,0.0,1.0,0.5123159916673595,1.601963999974032,0.04406013300001632,0
100,pso,12,15,180,3,0.8,0.0,0.0,1.0,1.8136096791678824,4.543685000044206,0.14826681033328745,0
100,pso,24,30,720,3,0.8,0.0,0.0,1.0,7.070762362499276,14.466576000017994,0.5689637916666849,0
200,baseline,,,,1,0.7827,0.0,0.0,1.0,0.02428487499628318,0.0506750000113243,0.007468989000017245,0
200,fuzzy,,,,1,0.7838,0.0,0.0,1.0,0.03511149999013696,0.07394300007490529,0.008193288000029497,0
200,decentralized,,,,1,0.7838,0.0,0.0,1.0,0.05243448749752133,0.1481009999224625,0.009602137000001676,1848
200,pso,6,8,48,3,0.7829333333333334,0.0006342099196813796,0.007936507936507936,1.0,1.0495826624956333,2.2448969999686597,0.08938191800003399,0
200,pso,12,15,180,3,0.7829333333333334,0.0006342099196813796,0.007936507936507936,1.0,3.7442586416711756,6.413888999986739,0.3050305689999959,0
200,pso,24,30,720,3,0.7829333333333334,0.0006342099196813796,0.0,1.0,15.483415529167152,37.8172140000288,1.2449740083333534,0
400,baseline,,,,1,0.5474,0.0,0.4823529411764706,0.77,0.1418521499971348,0.2402339999889591,0.024574877000077322,0
400,fuzzy,,,,1,0.548,0.0,0.4823529411764706,0.775,0.48229978749532165,0.9525479999865638,0.05008205900003304,0
400,decentralized,,,,1,0.548,0.0,0.4823529411764706,0.775,0.7900547500000243,1.6542240000489983,0.07375685499994233,67561
400,pso,6,8,48,3,0.5521666666666667,0.0011897712198383212,3.549019607843137,0.7808333333333334,7.691569229163046,15.086173999975472,0.6268944150000001,0
400,pso,12,15,180,3,0.5504,0.0007788880963698565,1.8980392156862746,0.78,27.51714194999977,43.899643000031574,2.2129525446666776,0
400,pso,24,30,720,3,0.5496,0.0006377042156570006,1.1333333333333333,0.7783333333333333,107.3841064374984,169.7488610000164,8.603287851999957,0
